name,country,booth,website,profile_url
AART ELECTRONICS,France,6D100,,https://www.euronaval.com/euronaval_exhibitors/aart-electronics-2
ABB AS,,,,https://www.euronaval.com/euronaval_exhibitors/abb-as-2
ABEKING RASMUSSEN SCHIFFS UND YACHTWERFT SE,,,,https://www.euronaval.com/euronaval_exhibitors/abeking-rasmussen-schiffs-und-yachtwerft-se-2
ACCURATE INDUSTRIAL CONTROLS PVT LTD,,,,https://www.euronaval.com/euronaval_exhibitors/accurate-industrial-controls-pvt-ltd-2
ACCUWATT TECHNOLOGIES,,,,https://www.euronaval.com/euronaval_exhibitors/accuwatt-technologies-2
ADES TECHNOLOGIES,,,,https://www.euronaval.com/euronaval_exhibitors/ades-technologies-2
AED CLUSTER PORTUGAL,Portugal,6D61,,https://www.euronaval.com/euronaval_exhibitors/aed-cluster-portugal-2
AERO INNOVATIVE SERVICES,,,,https://www.euronaval.com/euronaval_exhibitors/aero-innovative-services-2
AEROMETAL ALLOYS GROUPE ACNIS,,,,https://www.euronaval.com/euronaval_exhibitors/aerometal-alloys-groupe-acnis-2
AERONAUTICAL GENERAL INSTRUMENTS LTD,,,,https://www.euronaval.com/euronaval_exhibitors/aeronautical-general-instruments-ltd-2
AFIMES SA,,,,https://www.euronaval.com/euronaval_exhibitors/afimes-sa-2
AIP,,,,https://www.euronaval.com/euronaval_exhibitors/aip-2
AIR LIQUIDE ADVANCED TECHNOLOGIES,,,,https://www.euronaval.com/euronaval_exhibitors/air-liquide-advanced-technologies-2
AIRBUS SAS,,,,https://www.euronaval.com/euronaval_exhibitors/airbus-sas-2
AIRSTAR AEROSPACE,,,,https://www.euronaval.com/euronaval_exhibitors/airstar-aerospace-2
AJLAN BROS HOLDING GROUP,,,,https://www.euronaval.com/euronaval_exhibitors/ajlan-bros-holding-group-2
AKMON SA,Greece,6A59,,https://www.euronaval.com/euronaval_exhibitors/akmon-sa-2
ALCATEL LUCENT ENTERPRISE ALE INTERNATIONAL,,,,https://www.euronaval.com/euronaval_exhibitors/alcatel-lucent-enterprise-ale-international-2
ALPINE INTEGRATED SOLUTION SDN BHD,,,,https://www.euronaval.com/euronaval_exhibitors/alpine-integrated-solution-sdn-bhd-2
ALSEAMAR GROUPE ALCEN,,,,https://www.euronaval.com/euronaval_exhibitors/alseamar-groupe-alcen-3
ALSEAMAR GROUPE ALCEN,,,,https://www.euronaval.com/euronaval_exhibitors/alseamar-groupe-alcen-4
AMERIS,,,,https://www.euronaval.com/euronaval_exhibitors/ameris-2
AMPHENOL SOCAPEX,,,,https://www.euronaval.com/euronaval_exhibitors/amphenol-socapex-2
ANGLO BELGIAN CORPORATION,Belgium,6G02,,https://www.euronaval.com/euronaval_exhibitors/anglo-belgian-corporation-2
ANTARES FRANCE,,,,https://www.euronaval.com/euronaval_exhibitors/antares-france-2
ARCTEST OY,,,,https://www.euronaval.com/euronaval_exhibitors/arctest-oy-2
AREION GROUP,France,6A17,,https://www.euronaval.com/euronaval_exhibitors/areion-group-2
ASELSAN,Türkiye,6I61,,https://www.euronaval.com/euronaval_exhibitors/aselsan-2
ASIAN DEFENCE JOURNAL SHP MEDIA,,,,https://www.euronaval.com/euronaval_exhibitors/asian-defence-journal-shp-media-2
ASSOCIATION OF FINNISH DEFENCE AND AEROSPACE INDUSTRIES AFDA,,,,https://www.euronaval.com/euronaval_exhibitors/association-of-finnish-defence-and-aerospace-industries-afda-2
ASTIM SRL,,,,https://www.euronaval.com/euronaval_exhibitors/astim-srl-2
ATECH NEGOCIOS EM TECNOLOGIAS S A,,,,https://www.euronaval.com/euronaval_exhibitors/atech-negocios-em-tecnologias-s-a-2
ATHANOR ENGINEERING,France,6F74,,https://www.euronaval.com/euronaval_exhibitors/athanor-engineering-2
ATLAS ELEKTRONIK GMBH,,,,https://www.euronaval.com/euronaval_exhibitors/atlas-elektronik-gmbh-2
ATTAX,France,6B68,,https://www.euronaval.com/euronaval_exhibitors/attax-2
AVANTIX,,,,https://www.euronaval.com/euronaval_exhibitors/avantix-2
AXIMA CONCEPT,,,,https://www.euronaval.com/euronaval_exhibitors/axima-concept-2
BABCOCK INTERNATIONAL GROUP,,,,https://www.euronaval.com/euronaval_exhibitors/babcock-international-group-2
BAE SYSTEMS PLC,,,,https://www.euronaval.com/euronaval_exhibitors/bae-systems-plc-2
BAGLIETTO SPA,,,,https://www.euronaval.com/euronaval_exhibitors/baglietto-spa-2
BAUER KOMPRESSOREN GMBH,,,,https://www.euronaval.com/euronaval_exhibitors/bauer-kompressoren-gmbh-2
BDSV EXHIBITIONS E V,,,,https://www.euronaval.com/euronaval_exhibitors/bdsv-exhibitions-e-v-2
BESENZONI S P A,,,,https://www.euronaval.com/euronaval_exhibitors/besenzoni-s-p-a-2
BOLIDT,Netherlands,6L38,,https://www.euronaval.com/euronaval_exhibitors/bolidt-2
BOWMASTER LTD,,,,https://www.euronaval.com/euronaval_exhibitors/bowmaster-ltd-2
BRETAGNE COMMERCE INTERNATIONAL,,,,https://www.euronaval.com/euronaval_exhibitors/bretagne-commerce-international-2
BRONSWERK GROUP,,,,https://www.euronaval.com/euronaval_exhibitors/bronswerk-group-2
BUREAU VERITAS CERTIFICATION HOLDING,,,,https://www.euronaval.com/euronaval_exhibitors/bureau-veritas-certification-holding-4
BUREAU VERITAS CERTIFICATION HOLDING,,,,https://www.euronaval.com/euronaval_exhibitors/bureau-veritas-certification-holding-5
BUREAU VERITAS CERTIFICATION HOLDING,,,,https://www.euronaval.com/euronaval_exhibitors/bureau-veritas-certification-holding-6
CAILABS,,,,https://www.euronaval.com/euronaval_exhibitors/cailabs-2
CAMBRIDGE PIXEL,,,,https://www.euronaval.com/euronaval_exhibitors/cambridge-pixel-2
CAMPUS DES INDUSTRIES NAVALES,,,,https://www.euronaval.com/euronaval_exhibitors/campus-des-industries-navales-2
CAMPUS NAVAL FRANCE,,,,https://www.euronaval.com/euronaval_exhibitors/campus-naval-france-2
CANTIERE NAVALE VITTORIA SPA,,,,https://www.euronaval.com/euronaval_exhibitors/cantiere-navale-vittoria-spa-2
CAPYRO,,,,https://www.euronaval.com/euronaval_exhibitors/capyro-2
CARTOFLEX,,,,https://www.euronaval.com/euronaval_exhibitors/cartoflex-2
CELADON,,,,https://www.euronaval.com/euronaval_exhibitors/celadon-2
CERBAIR,,,,https://www.euronaval.com/euronaval_exhibitors/cerbair-3
CERBAIR,,,,https://www.euronaval.com/euronaval_exhibitors/cerbair-4
CERG,,,,https://www.euronaval.com/euronaval_exhibitors/cerg-3
CERG,,,,https://www.euronaval.com/euronaval_exhibitors/cerg-4
CERGOL ENGINEERING CONSULTANCY S R L,,,,https://www.euronaval.com/euronaval_exhibitors/cergol-engineering-consultancy-s-r-l-2
CETENA SPA,,,,https://www.euronaval.com/euronaval_exhibitors/cetena-spa-2
CHANTIER NAVAL COUACH CNC,,,,https://www.euronaval.com/euronaval_exhibitors/chantier-naval-couach-cnc-2
CHANTIERS DE LATLANTIQUE,,,,https://www.euronaval.com/euronaval_exhibitors/chantiers-de-latlantique-2
CHESS DYNAMICS LTD,,,,https://www.euronaval.com/euronaval_exhibitors/chess-dynamics-ltd-3
CHESS DYNAMICS LTD,,,,https://www.euronaval.com/euronaval_exhibitors/chess-dynamics-ltd-4
CIRCOR DEFENCE,,,,https://www.euronaval.com/euronaval_exhibitors/circor-defence-3
CIRCOR DEFENCE,,,,https://www.euronaval.com/euronaval_exhibitors/circor-defence-4
CIRCOR IMO ALLWEILER,,,,https://www.euronaval.com/euronaval_exhibitors/circor-imo-allweiler-3
CIRCOR IMO ALLWEILER,,,,https://www.euronaval.com/euronaval_exhibitors/circor-imo-allweiler-4
CNIM AIR SPACE,,,,https://www.euronaval.com/euronaval_exhibitors/cnim-air-space-2
CNN MCO,,,,https://www.euronaval.com/euronaval_exhibitors/cnn-mco-2
CONSOLITE TECHNOLOGY,,,,https://www.euronaval.com/euronaval_exhibitors/consolite-technology-2
CONSTRUCTIONS MECANIQUES DE NORMANDIE CMN,,,,https://www.euronaval.com/euronaval_exhibitors/constructions-mecaniques-de-normandie-cmn-2
CONTOUR ADVANCED SYSTEMS,,,,https://www.euronaval.com/euronaval_exhibitors/contour-advanced-systems-2
CONTROP PRECISION TECHNOLOGIES LTD,,,,https://www.euronaval.com/euronaval_exhibitors/controp-precision-technologies-ltd-2
COPENHAGEN SUBSEA A S,,,,https://www.euronaval.com/euronaval_exhibitors/copenhagen-subsea-a-s-2
COTECMAR,,,,https://www.euronaval.com/euronaval_exhibitors/cotecmar-2
COYARD,,,,https://www.euronaval.com/euronaval_exhibitors/coyard-2
COYARD SAS,,,,https://www.euronaval.com/euronaval_exhibitors/coyard-sas-2
CS GROUP COMMUNICATION SYSTEMS,,,,https://www.euronaval.com/euronaval_exhibitors/cs-group-communication-systems-2
CURRENT SCIENTIFIC CORPORATION,,,,https://www.euronaval.com/euronaval_exhibitors/current-scientific-corporation-3
CURRENT SCIENTIFIC CORPORATION,,,,https://www.euronaval.com/euronaval_exhibitors/current-scientific-corporation-4
CURTISS WRIGHT,,,,https://www.euronaval.com/euronaval_exhibitors/curtiss-wright-2
CUSTOM DIVING SYSTEMS,,,,https://www.euronaval.com/euronaval_exhibitors/custom-diving-systems-2
DA GROUP OY,,,,https://www.euronaval.com/euronaval_exhibitors/da-group-oy-2
DALIC,,,,https://www.euronaval.com/euronaval_exhibitors/dalic-2
DAMEN SCHELDE NAVAL SHIPBUILDING,,,,https://www.euronaval.com/euronaval_exhibitors/damen-schelde-naval-shipbuilding-2
DANISH EXPORT ASSOCIATION,,,,https://www.euronaval.com/euronaval_exhibitors/danish-export-association-2
DASSAULT AVIATION,,,,https://www.euronaval.com/euronaval_exhibitors/dassault-aviation-2
DBDC AFRICAN SECURITY,,,,https://www.euronaval.com/euronaval_exhibitors/dbdc-african-security-3
DBDC AFRICAN SECURITY,,,,https://www.euronaval.com/euronaval_exhibitors/dbdc-african-security-4
DBDC GREEK DEFENCE NEWS,,,,https://www.euronaval.com/euronaval_exhibitors/dbdc-greek-defence-news-2
DEFENCE 21 MAGAZINE,,,,https://www.euronaval.com/euronaval_exhibitors/defence-21-magazine-2
DEFENSE CONSEIL INTERNATIONAL,,,,https://www.euronaval.com/euronaval_exhibitors/defense-conseil-international-2
DESAN DENIZ INSAAT SAN AS,,,,https://www.euronaval.com/euronaval_exhibitors/desan-deniz-insaat-san-as-2
DESARROLLO TECNICAS INDUSTRIALES DE GALICIA,,,,https://www.euronaval.com/euronaval_exhibitors/desarrollo-tecnicas-industriales-de-galicia-2
DESMI PUMPING TECHNOLOGY A S,,,,https://www.euronaval.com/euronaval_exhibitors/desmi-pumping-technology-a-s-3
DESMI PUMPING TECHNOLOGY A S,,,,https://www.euronaval.com/euronaval_exhibitors/desmi-pumping-technology-a-s-4
DESMI SARL,,,,https://www.euronaval.com/euronaval_exhibitors/desmi-sarl-2
DEVUP CENTRE VAL DE LOIRE,,,,https://www.euronaval.com/euronaval_exhibitors/devup-centre-val-de-loire-3
DEVUP CENTRE VAL DE LOIRE,,,,https://www.euronaval.com/euronaval_exhibitors/devup-centre-val-de-loire-4
DIADES MARINE,,,,https://www.euronaval.com/euronaval_exhibitors/diades-marine-2
DIAMFAB,,,,https://www.euronaval.com/euronaval_exhibitors/diamfab-2
DIODON DRONE TECHNOLOGY,,,,https://www.euronaval.com/euronaval_exhibitors/diodon-drone-technology-3
DIODON DRONE TECHNOLOGY,,,,https://www.euronaval.com/euronaval_exhibitors/diodon-drone-technology-4
DIRECTION GENERALE DE LARMEMENT DGA,,,,https://www.euronaval.com/euronaval_exhibitors/direction-generale-de-larmement-dga-2
DNV,,,,https://www.euronaval.com/euronaval_exhibitors/dnv-3
DNV,,,,https://www.euronaval.com/euronaval_exhibitors/dnv-4
DSA EXHIBITION AND CONFERENCE SDN BHD,,,,https://www.euronaval.com/euronaval_exhibitors/dsa-exhibition-and-conference-sdn-bhd-2
DSIT SOLUTIONS LTD,,,,https://www.euronaval.com/euronaval_exhibitors/dsit-solutions-ltd-2
DYNASET OY POWERED BY HYDRAULICS,,,,https://www.euronaval.com/euronaval_exhibitors/dynaset-oy-powered-by-hydraulics-2
ECA GROUP,,,,https://www.euronaval.com/euronaval_exhibitors/eca-group-2
EFFEBI SPA,,,,https://www.euronaval.com/euronaval_exhibitors/effebi-spa-2
EID,,,,https://www.euronaval.com/euronaval_exhibitors/eid-2
ELAC SONAR GMBH,,,,https://www.euronaval.com/euronaval_exhibitors/elac-sonar-gmbh-2
ELETTRONICA GROUP,,,,https://www.euronaval.com/euronaval_exhibitors/elettronica-group-2
ELICHE RADICE S P A,,,,https://www.euronaval.com/euronaval_exhibitors/eliche-radice-s-p-a-2
ELWAVE,,,,https://www.euronaval.com/euronaval_exhibitors/elwave-2
EMCEL FILTERS LIMITED,,,,https://www.euronaval.com/euronaval_exhibitors/emcel-filters-limited-2
EMD EQUIPEMENTS DES METIERS DE LA DEFENSE,,,,https://www.euronaval.com/euronaval_exhibitors/emd-equipements-des-metiers-de-la-defense-2
EMITECH,,,,https://www.euronaval.com/euronaval_exhibitors/emitech-3
EMITECH,,,,https://www.euronaval.com/euronaval_exhibitors/emitech-4
EMMIS MARINE,,,,https://www.euronaval.com/euronaval_exhibitors/emmis-marine-2
ENTERPRISE GREECE,,,,https://www.euronaval.com/euronaval_exhibitors/enterprise-greece-2
ENVIRONICS,,,,https://www.euronaval.com/euronaval_exhibitors/environics-2
ENVIRONMENTAL FLUID SYSTEMS,,,,https://www.euronaval.com/euronaval_exhibitors/environmental-fluid-systems-2
EOLANE,,,,https://www.euronaval.com/euronaval_exhibitors/eolane-2
EPCI,,,,https://www.euronaval.com/euronaval_exhibitors/epci-3
EPCI,,,,https://www.euronaval.com/euronaval_exhibitors/epci-4
ER FRANCE,,,,https://www.euronaval.com/euronaval_exhibitors/er-france-2
EUROCONTROL SPA,,,,https://www.euronaval.com/euronaval_exhibitors/eurocontrol-spa-2
EUROPEAN DEFENSE ECONOMIC NETWORKS EDEN,,,,https://www.euronaval.com/euronaval_exhibitors/european-defense-economic-networks-eden-2
EUROTORP,,,,https://www.euronaval.com/euronaval_exhibitors/eurotorp-2
EXAIL,,,,https://www.euronaval.com/euronaval_exhibitors/exail-2
EXAVISION,,,,https://www.euronaval.com/euronaval_exhibitors/exavision-2
EXPERIA EVENTS PTE LTD,,,,https://www.euronaval.com/euronaval_exhibitors/experia-events-pte-ltd-2
FARAD SA,,,,https://www.euronaval.com/euronaval_exhibitors/farad-sa-2
FEDERAZIONE AZIENDE ITALIANE PER LAEROSPAZIO LA DIFESA E LA SICUREZZA AIAD,,,,https://www.euronaval.com/euronaval_exhibitors/federazione-aziende-italiane-per-laerospazio-la-difesa-e-la-sicurezza-aiad-3
FEDERAZIONE AZIENDE ITALIANE PER LAEROSPAZIO LA DIFESA E LA SICUREZZA AIAD,,,,https://www.euronaval.com/euronaval_exhibitors/federazione-aziende-italiane-per-laerospazio-la-difesa-e-la-sicurezza-aiad-4
FEEDER SAS,,,,https://www.euronaval.com/euronaval_exhibitors/feeder-sas-2
FERRETTI SECURITY DIVISION,,,,https://www.euronaval.com/euronaval_exhibitors/ferretti-security-division-2
FINCANTIERI NEXTECH S P A,,,,https://www.euronaval.com/euronaval_exhibitors/fincantieri-nextech-s-p-a-2
FINCANTIERI SPA,,,,https://www.euronaval.com/euronaval_exhibitors/fincantieri-spa-2
FIVA GROUPE FIVA,,,,https://www.euronaval.com/euronaval_exhibitors/fiva-groupe-fiva-10
FIVA GROUPE FIVA,,,,https://www.euronaval.com/euronaval_exhibitors/fiva-groupe-fiva-6
FIVA GROUPE FIVA,,,,https://www.euronaval.com/euronaval_exhibitors/fiva-groupe-fiva-7
FIVA GROUPE FIVA,,,,https://www.euronaval.com/euronaval_exhibitors/fiva-groupe-fiva-8
FIVA GROUPE FIVA,,,,https://www.euronaval.com/euronaval_exhibitors/fiva-groupe-fiva-9
FLINDERS UNIVERSITY,,,,https://www.euronaval.com/euronaval_exhibitors/flinders-university-2
FN HERSTAL,,,,https://www.euronaval.com/euronaval_exhibitors/fn-herstal-2
FORSSEA ROBOTICS,,,,https://www.euronaval.com/euronaval_exhibitors/forssea-robotics-2
FR FASSMER GMBH CO KG,,,,https://www.euronaval.com/euronaval_exhibitors/fr-fassmer-gmbh-co-kg-2
FRAMATOME,,,,https://www.euronaval.com/euronaval_exhibitors/framatome-2
GABADI SL,,,,https://www.euronaval.com/euronaval_exhibitors/gabadi-sl-2
GABLER MASCHINENBAU GMBH,,,,https://www.euronaval.com/euronaval_exhibitors/gabler-maschinenbau-gmbh-2
GATEWATCHER,,,,https://www.euronaval.com/euronaval_exhibitors/gatewatcher-2
GE MARINE,,,,https://www.euronaval.com/euronaval_exhibitors/ge-marine-2
GE POWER CONVERSION,,,,https://www.euronaval.com/euronaval_exhibitors/ge-power-conversion-2
GEISLINGER GMBH,,,,https://www.euronaval.com/euronaval_exhibitors/geislinger-gmbh-2
GEM ELETTRONICA SRL,,,,https://www.euronaval.com/euronaval_exhibitors/gem-elettronica-srl-2
GENERAL ATOMICS,,,,https://www.euronaval.com/euronaval_exhibitors/general-atomics-2
GENERAL DYNAMICS MISSION SYSTEMS,,,,https://www.euronaval.com/euronaval_exhibitors/general-dynamics-mission-systems-2
GEOMATYS,,,,https://www.euronaval.com/euronaval_exhibitors/geomatys-2
GEORGIN,,,,https://www.euronaval.com/euronaval_exhibitors/georgin-2
GERKEN,,,,https://www.euronaval.com/euronaval_exhibitors/gerken-2
GERMAN NAVAL YARDS KIEL GMBH,,,,https://www.euronaval.com/euronaval_exhibitors/german-naval-yards-kiel-gmbh-2
GETAC FRANCE,,,,https://www.euronaval.com/euronaval_exhibitors/getac-france-2
GICAN,,,,https://www.euronaval.com/euronaval_exhibitors/gican-2
GIR,,,,https://www.euronaval.com/euronaval_exhibitors/gir-2
GIRODIN SAUER,,,,https://www.euronaval.com/euronaval_exhibitors/girodin-sauer-2
GROUPE AMETRA,,,,https://www.euronaval.com/euronaval_exhibitors/groupe-ametra-2
GROUPE LGM,,,,https://www.euronaval.com/euronaval_exhibitors/groupe-lgm-2
GROUPE SNEF,,,,https://www.euronaval.com/euronaval_exhibitors/groupe-snef-3
GROUPE SNEF,,,,https://www.euronaval.com/euronaval_exhibitors/groupe-snef-4
GRUPO EDEFA S A,,,,https://www.euronaval.com/euronaval_exhibitors/grupo-edefa-s-a-2
H D I GROUPE METRA,,,,https://www.euronaval.com/euronaval_exhibitors/h-d-i-groupe-metra-2
HAGENUK MARINEKOMMUKICATION GMBH,,,,https://www.euronaval.com/euronaval_exhibitors/hagenuk-marinekommukication-gmbh-2
HAGTECH,,,,https://www.euronaval.com/euronaval_exhibitors/hagtech-2
HAMANN AG,,,,https://www.euronaval.com/euronaval_exhibitors/hamann-ag-2
HEMERIA,,,,https://www.euronaval.com/euronaval_exhibitors/hemeria-2
HENSOLDT HOLDING GERMANY GMBH,,,,https://www.euronaval.com/euronaval_exhibitors/hensoldt-holding-germany-gmbh-2
HGH SYSTEMES INFRAROUGES,,,,https://www.euronaval.com/euronaval_exhibitors/hgh-systemes-infrarouges-3
HGH SYSTEMES INFRAROUGES,,,,https://www.euronaval.com/euronaval_exhibitors/hgh-systemes-infrarouges-4
HOWDEN,,,,https://www.euronaval.com/euronaval_exhibitors/howden-2
HOWDEN SOLYVENT VENTEC,,,,https://www.euronaval.com/euronaval_exhibitors/howden-solyvent-ventec-2
HULL VANE BV,,,,https://www.euronaval.com/euronaval_exhibitors/hull-vane-bv-2
HUMPHREE AB,,,,https://www.euronaval.com/euronaval_exhibitors/humphree-ab-2
HYDRO HULL CLEANING,,,,https://www.euronaval.com/euronaval_exhibitors/hydro-hull-cleaning-2
HYUNDAI HEAVY INDUSTRIES,,,,https://www.euronaval.com/euronaval_exhibitors/hyundai-heavy-industries-3
HYUNDAI HEAVY INDUSTRIES,,,,https://www.euronaval.com/euronaval_exhibitors/hyundai-heavy-industries-4
I2S,,,,https://www.euronaval.com/euronaval_exhibitors/i2s-2
IDD PORTUGUES PLATFORM FOR DEFENCE INDUSTRY,,,,https://www.euronaval.com/euronaval_exhibitors/idd-portugues-platform-for-defence-industry-2
IDEA LOGISTIQUE,,,,https://www.euronaval.com/euronaval_exhibitors/idea-logistique-2
IGUANA PRO,,,,https://www.euronaval.com/euronaval_exhibitors/iguana-pro-2
INDUSTRIAS FERRI S A,,,,https://www.euronaval.com/euronaval_exhibitors/industrias-ferri-s-a-3
INDUSTRIAS FERRI S A,,,,https://www.euronaval.com/euronaval_exhibitors/industrias-ferri-s-a-4
INFODAS GMBH,,,,https://www.euronaval.com/euronaval_exhibitors/infodas-gmbh-3
INFODAS GMBH,,,,https://www.euronaval.com/euronaval_exhibitors/infodas-gmbh-4
INGELIANCE,,,,https://www.euronaval.com/euronaval_exhibitors/ingeliance-2
INGELIANCE TECHNOLOGIES,,,,https://www.euronaval.com/euronaval_exhibitors/ingeliance-technologies-3
INGELIANCE TECHNOLOGIES,,,,https://www.euronaval.com/euronaval_exhibitors/ingeliance-technologies-4
INGERSOLL RAND HEAVY HOIST AND WINCHES,,,,https://www.euronaval.com/euronaval_exhibitors/ingersoll-rand-heavy-hoist-and-winches-2
INNOVATIVE MARITIMES SOUTIONS,,,,https://www.euronaval.com/euronaval_exhibitors/innovative-maritimes-soutions-2
INO ROPE,,,,https://www.euronaval.com/euronaval_exhibitors/ino-rope-2
INOXYDA,,,,https://www.euronaval.com/euronaval_exhibitors/inoxyda-2
INTEGRATED PROCUREMENT TECHNOLOGIES IPT,,,,https://www.euronaval.com/euronaval_exhibitors/integrated-procurement-technologies-ipt-2
INTERFACE CONCEPT,,,,https://www.euronaval.com/euronaval_exhibitors/interface-concept-2
INTERMARINE SPA,,,,https://www.euronaval.com/euronaval_exhibitors/intermarine-spa-2
IRTS SAS,,,,https://www.euronaval.com/euronaval_exhibitors/irts-sas-2
ISRAEL AEROSPACE INDUSTRIES,,,,https://www.euronaval.com/euronaval_exhibitors/israel-aerospace-industries-2
ISRAEL SHIPYARDS LTD,,,,https://www.euronaval.com/euronaval_exhibitors/israel-shipyards-ltd-2
ISSARTEL GROUPE MINERVA,,,,https://www.euronaval.com/euronaval_exhibitors/issartel-groupe-minerva-2
IVRY INTERCONNECT SERVICES,,,,https://www.euronaval.com/euronaval_exhibitors/ivry-interconnect-services-2
IXBLUE,,,,https://www.euronaval.com/euronaval_exhibitors/ixblue-2
JAPAN RADIO CO,,,,https://www.euronaval.com/euronaval_exhibitors/japan-radio-co-2
JEUMONT ELECTRIC,,,,https://www.euronaval.com/euronaval_exhibitors/jeumont-electric-2
JEUMONT ELECTRIC GROUPE ALTAWEST,,,,https://www.euronaval.com/euronaval_exhibitors/jeumont-electric-groupe-altawest-2
JOHNSON CONTROLS INDUSTRIES,,,,https://www.euronaval.com/euronaval_exhibitors/johnson-controls-industries-3
JOHNSON CONTROLS INDUSTRIES,,,,https://www.euronaval.com/euronaval_exhibitors/johnson-controls-industries-4
JONATHAN ENGINEERED SOLUTIONS,,,,https://www.euronaval.com/euronaval_exhibitors/jonathan-engineered-solutions-2
JONATHAN ENGINEERED SOLUTIONS CORP,,,,https://www.euronaval.com/euronaval_exhibitors/jonathan-engineered-solutions-corp-2
KERSHIP,,,,https://www.euronaval.com/euronaval_exhibitors/kership-2
KONGSBERG,,,,https://www.euronaval.com/euronaval_exhibitors/kongsberg-2
KUB SAS,,,,https://www.euronaval.com/euronaval_exhibitors/kub-sas-2
KYUNGYON EXHIBITION CORP MADEX,,,,https://www.euronaval.com/euronaval_exhibitors/kyungyon-exhibition-corp-madex-3
KYUNGYON EXHIBITION CORP MADEX,,,,https://www.euronaval.com/euronaval_exhibitors/kyungyon-exhibition-corp-madex-4
L3 HARRIS TECHNOLOGIES,,,,https://www.euronaval.com/euronaval_exhibitors/l3-harris-technologies-2
LAPP MULLER,,,,https://www.euronaval.com/euronaval_exhibitors/lapp-muller-2
LEONARDO S P A,,,,https://www.euronaval.com/euronaval_exhibitors/leonardo-s-p-a-2
LERITY,,,,https://www.euronaval.com/euronaval_exhibitors/lerity-2
LIGHTPARTNER LICHTSYSTEMS GMBH CO KG,,,,https://www.euronaval.com/euronaval_exhibitors/lightpartner-lichtsystems-gmbh-co-kg-2
LOCKHEED MARTIN,,,,https://www.euronaval.com/euronaval_exhibitors/lockheed-martin-2
LUCEOR SAS,,,,https://www.euronaval.com/euronaval_exhibitors/luceor-sas-2
MACTAGGART SCOTT,,,,https://www.euronaval.com/euronaval_exhibitors/mactaggart-scott-2
MAN ENERGY SOLUTIONS FRANCE,,,,https://www.euronaval.com/euronaval_exhibitors/man-energy-solutions-france-2
MAN ENERGY SOLUTIONS FRANCE SAS,,,,https://www.euronaval.com/euronaval_exhibitors/man-energy-solutions-france-sas-2
MARINE ALUTECH OY AB,,,,https://www.euronaval.com/euronaval_exhibitors/marine-alutech-oy-ab-2
MARINE TECH SA,,,,https://www.euronaval.com/euronaval_exhibitors/marine-tech-sa-2
MARL INTERNATIONAL LIMITED,,,,https://www.euronaval.com/euronaval_exhibitors/marl-international-limited-2
MARLINK SAS,,,,https://www.euronaval.com/euronaval_exhibitors/marlink-sas-2
MARTAC,,,,https://www.euronaval.com/euronaval_exhibitors/martac-2
MAURIC,,,,https://www.euronaval.com/euronaval_exhibitors/mauric-2
MAURIC SA,,,,https://www.euronaval.com/euronaval_exhibitors/mauric-sa-2
MCT BRATTBERG,,,,https://www.euronaval.com/euronaval_exhibitors/mct-brattberg-2
MCT BRATTBERG AB,,,,https://www.euronaval.com/euronaval_exhibitors/mct-brattberg-ab-2
MEGA P,,,,https://www.euronaval.com/euronaval_exhibitors/mega-p-2
METOCEAN TELEMATICS,,,,https://www.euronaval.com/euronaval_exhibitors/metocean-telematics-2
MICROWAVE CHARACTERIZATION CENTER,,,,https://www.euronaval.com/euronaval_exhibitors/microwave-characterization-center-2
MILSOFT SOFTWARE TECHNOLOGIES INC,,,,https://www.euronaval.com/euronaval_exhibitors/milsoft-software-technologies-inc-2
MILTECH HELLAS,,,,https://www.euronaval.com/euronaval_exhibitors/miltech-hellas-2
MINISTERE DES ARMEES,,,,https://www.euronaval.com/euronaval_exhibitors/ministere-des-armees-2
MMB VOLUM E,,,,https://www.euronaval.com/euronaval_exhibitors/mmb-volum-e-2
MOBILIS SAS,,,,https://www.euronaval.com/euronaval_exhibitors/mobilis-sas-2
MOTEURS BAUDOUIN,,,,https://www.euronaval.com/euronaval_exhibitors/moteurs-baudouin-2
MOTEURS JM,,,,https://www.euronaval.com/euronaval_exhibitors/moteurs-jm-2
MSI DEFENCE SYSTEMS LTD,,,,https://www.euronaval.com/euronaval_exhibitors/msi-defence-systems-ltd-2
NANNI INDUSTRIES SAS,,,,https://www.euronaval.com/euronaval_exhibitors/nanni-industries-sas-2
NATO SUPPORT AND PROCUREMENT AGENCY,,,,https://www.euronaval.com/euronaval_exhibitors/nato-support-and-procurement-agency-2
NAVAL GROUP,,,,https://www.euronaval.com/euronaval_exhibitors/naval-group-3
NAVAL GROUP,,,,https://www.euronaval.com/euronaval_exhibitors/naval-group-4
NAVAL GROUP BELGIUM,,,,https://www.euronaval.com/euronaval_exhibitors/naval-group-belgium-2
NAVAL TEAM DENMARK,,,,https://www.euronaval.com/euronaval_exhibitors/naval-team-denmark-2
NAVANTIA,,,,https://www.euronaval.com/euronaval_exhibitors/navantia-2
NAVIRIS,,,,https://www.euronaval.com/euronaval_exhibitors/naviris-2
NAVTRAIN INTERNATIONAL B V,,,,https://www.euronaval.com/euronaval_exhibitors/navtrain-international-b-v-2
NEDINSCO,,,,https://www.euronaval.com/euronaval_exhibitors/nedinsco-2
NEOCEAN,,,,https://www.euronaval.com/euronaval_exhibitors/neocean-2
NEREIDES SAS,,,,https://www.euronaval.com/euronaval_exhibitors/nereides-sas-2
NETHERLANDS INDUSTRIES FOR DEFENCE AND SECURITY NIDV,,,,https://www.euronaval.com/euronaval_exhibitors/netherlands-industries-for-defence-and-security-nidv-2
NEXTER,,,,https://www.euronaval.com/euronaval_exhibitors/nexter-3
NEXTER,,,,https://www.euronaval.com/euronaval_exhibitors/nexter-4
NEXTER SYSTEMS,,,,https://www.euronaval.com/euronaval_exhibitors/nexter-systems-3
NEXTER SYSTEMS,,,,https://www.euronaval.com/euronaval_exhibitors/nexter-systems-4
NG2,,,,https://www.euronaval.com/euronaval_exhibitors/ng2-2
NG3,,,,https://www.euronaval.com/euronaval_exhibitors/ng3-2
NICK DANESE APPLIED RESEARCH NDAR,,,,https://www.euronaval.com/euronaval_exhibitors/nick-danese-applied-research-ndar-3
NICK DANESE APPLIED RESEARCH NDAR,,,,https://www.euronaval.com/euronaval_exhibitors/nick-danese-applied-research-ndar-4
NICOMATIC AS,,,,https://www.euronaval.com/euronaval_exhibitors/nicomatic-as-2
NIJKERK COMPUTER SOLUTIONS,,,,https://www.euronaval.com/euronaval_exhibitors/nijkerk-computer-solutions-2
NITHI RESEARCH AND MANAGEMENT SOLUTIONS PTY LTD,,,,https://www.euronaval.com/euronaval_exhibitors/nithi-research-and-management-solutions-pty-ltd-2
NOPTEL OY,,,,https://www.euronaval.com/euronaval_exhibitors/noptel-oy-2
NORMANDIE AEROESPACE NAE,,,,https://www.euronaval.com/euronaval_exhibitors/normandie-aeroespace-nae-2
NORTHROP GRUMMAN INTERNATIONAL TRADING,,,,https://www.euronaval.com/euronaval_exhibitors/northrop-grumman-international-trading-2
NORWEGIAN DEFENCE AND SECURITY INDUSTRIES ASSOCIATION FSI,,,,https://www.euronaval.com/euronaval_exhibitors/norwegian-defence-and-security-industries-association-fsi-2
NOVACAVI,,,,https://www.euronaval.com/euronaval_exhibitors/novacavi-2
NSE,,,,https://www.euronaval.com/euronaval_exhibitors/nse-3
NSE,,,,https://www.euronaval.com/euronaval_exhibitors/nse-4
NSI B V B A,,,,https://www.euronaval.com/euronaval_exhibitors/nsi-b-v-b-a-2
NVL B V CO KG NAVAL VESSELS LURSSEN,,,,https://www.euronaval.com/euronaval_exhibitors/nvl-b-v-co-kg-naval-vessels-lurssen-2
OBSAM SAS,,,,https://www.euronaval.com/euronaval_exhibitors/obsam-sas-2
OCEANS 21,,,,https://www.euronaval.com/euronaval_exhibitors/oceans-21-2
OCTO VITAE CONSULT LTD,,,,https://www.euronaval.com/euronaval_exhibitors/octo-vitae-consult-ltd-2
ODENSE MARITIME TECHNOLOGY A S,,,,https://www.euronaval.com/euronaval_exhibitors/odense-maritime-technology-a-s-2
OMEX OPERATION MAINTENANCE EXPERTISE,,,,https://www.euronaval.com/euronaval_exhibitors/omex-operation-maintenance-expertise-2
OPTICS 11,,,,https://www.euronaval.com/euronaval_exhibitors/optics-11-2
OPTONAVAL GMBH,,,,https://www.euronaval.com/euronaval_exhibitors/optonaval-gmbh-2
ORBIT COMMUNICATIONS SYSTEMS LTD,,,,https://www.euronaval.com/euronaval_exhibitors/orbit-communications-systems-ltd-2
OY FORCIT AB DEFENCE,,,,https://www.euronaval.com/euronaval_exhibitors/oy-forcit-ab-defence-2
PALFINGER MARINE GMBH,,,,https://www.euronaval.com/euronaval_exhibitors/palfinger-marine-gmbh-2
PARATECH INC,,,,https://www.euronaval.com/euronaval_exhibitors/paratech-inc-2
PASS MEDIENTECHNIK GMBH,,,,https://www.euronaval.com/euronaval_exhibitors/pass-medientechnik-gmbh-2
PAULSTRA SNC GROUPE HUTCHINSON,,,,https://www.euronaval.com/euronaval_exhibitors/paulstra-snc-groupe-hutchinson-2
PC INTERNATIONAL,,,,https://www.euronaval.com/euronaval_exhibitors/pc-international-2
PEINTA,,,,https://www.euronaval.com/euronaval_exhibitors/peinta-2
PHOTONIS FRANCE,,,,https://www.euronaval.com/euronaval_exhibitors/photonis-france-2
PHOTOSPACE,,,,https://www.euronaval.com/euronaval_exhibitors/photospace-2
PIRIOU,,,,https://www.euronaval.com/euronaval_exhibitors/piriou-3
PIRIOU,,,,https://www.euronaval.com/euronaval_exhibitors/piriou-4
PIRIOU NAVAL SERVICES,,,,https://www.euronaval.com/euronaval_exhibitors/piriou-naval-services-2
POLE MER BRETAGNE ATLANTIQUE PMBA,,,,https://www.euronaval.com/euronaval_exhibitors/pole-mer-bretagne-atlantique-pmba-4
POLE MER BRETAGNE ATLANTIQUE PMBA,,,,https://www.euronaval.com/euronaval_exhibitors/pole-mer-bretagne-atlantique-pmba-5
POLE MER BRETAGNE ATLANTIQUE PMBA,,,,https://www.euronaval.com/euronaval_exhibitors/pole-mer-bretagne-atlantique-pmba-6
POLE MER MEDITERRANEE PMM,,,,https://www.euronaval.com/euronaval_exhibitors/pole-mer-mediterranee-pmm-3
POLE MER MEDITERRANEE PMM,,,,https://www.euronaval.com/euronaval_exhibitors/pole-mer-mediterranee-pmm-4
POLO MARCONI,,,,https://www.euronaval.com/euronaval_exhibitors/polo-marconi-2
POSIDONIA SRL,,,,https://www.euronaval.com/euronaval_exhibitors/posidonia-srl-2
PRIMEGPS,,,,https://www.euronaval.com/euronaval_exhibitors/primegps-2
PRO SIEGES MARINE,,,,https://www.euronaval.com/euronaval_exhibitors/pro-sieges-marine-2
PROBENT,,,,https://www.euronaval.com/euronaval_exhibitors/probent-2
PROCONECT,,,,https://www.euronaval.com/euronaval_exhibitors/proconect-3
PROCONECT,,,,https://www.euronaval.com/euronaval_exhibitors/proconect-4
PROLANN SRMP,,,,https://www.euronaval.com/euronaval_exhibitors/prolann-srmp-2
QUANTUM MARINE STABILIZERS,,,,https://www.euronaval.com/euronaval_exhibitors/quantum-marine-stabilizers-2
RADIONOR COMMUNICATIONS AS,,,,https://www.euronaval.com/euronaval_exhibitors/radionor-communications-as-2
RAYTHEON,,,,https://www.euronaval.com/euronaval_exhibitors/raytheon-2
REINTJES FRANCE SARL,,,,https://www.euronaval.com/euronaval_exhibitors/reintjes-france-sarl-2
REINTJES GMBH,,,,https://www.euronaval.com/euronaval_exhibitors/reintjes-gmbh-2
RELLUMIX,,,,https://www.euronaval.com/euronaval_exhibitors/rellumix-3
RELLUMIX,,,,https://www.euronaval.com/euronaval_exhibitors/rellumix-4
RENK AG,,,,https://www.euronaval.com/euronaval_exhibitors/renk-ag-2
RENK GMBH,,,,https://www.euronaval.com/euronaval_exhibitors/renk-gmbh-2
RH MARINE NETHERLANDS,,,,https://www.euronaval.com/euronaval_exhibitors/rh-marine-netherlands-2
RIEGL INTERNATIONAL GMBH,,,,https://www.euronaval.com/euronaval_exhibitors/riegl-international-gmbh-2
RINA SERVICES SPA,,,,https://www.euronaval.com/euronaval_exhibitors/rina-services-spa-2
ROLLS ROYCE SOLUTIONS GMBH,,,,https://www.euronaval.com/euronaval_exhibitors/rolls-royce-solutions-gmbh-2
ROXTEC FRANCE,,,,https://www.euronaval.com/euronaval_exhibitors/roxtec-france-2
RTSYS,,,,https://www.euronaval.com/euronaval_exhibitors/rtsys-2
SAAB AB,,,,https://www.euronaval.com/euronaval_exhibitors/saab-ab-3
SAAB AB,,,,https://www.euronaval.com/euronaval_exhibitors/saab-ab-4
SAES S A DE ELECTRONICA SUBMARINA SAES S M E,,,,https://www.euronaval.com/euronaval_exhibitors/saes-s-a-de-electronica-submarina-saes-s-m-e-2
SAFRAN ELECTRONICS DEFENSE,,,,https://www.euronaval.com/euronaval_exhibitors/safran-electronics-defense-2
SAILN FLY,,,,https://www.euronaval.com/euronaval_exhibitors/sailn-fly-2
SANLAB SIMULASYON AR GE SAN TIC AS,,,,https://www.euronaval.com/euronaval_exhibitors/sanlab-simulasyon-ar-ge-san-tic-as-2
SATINOX ASSEMBLAGE,,,,https://www.euronaval.com/euronaval_exhibitors/satinox-assemblage-3
SATINOX ASSEMBLAGE,,,,https://www.euronaval.com/euronaval_exhibitors/satinox-assemblage-4
SCALIAN,,,,https://www.euronaval.com/euronaval_exhibitors/scalian-2
SCHNEIDER ELECTRIC,,,,https://www.euronaval.com/euronaval_exhibitors/schneider-electric-2
SCHOTTEL GMBH,,,,https://www.euronaval.com/euronaval_exhibitors/schottel-gmbh-2
SCOPA DEFENSE TRADING,,,,https://www.euronaval.com/euronaval_exhibitors/scopa-defense-trading-2
SCYTALYS SA,,,,https://www.euronaval.com/euronaval_exhibitors/scytalys-sa-2
SEABER,,,,https://www.euronaval.com/euronaval_exhibitors/seaber-2
SEAFUTURE,,,,https://www.euronaval.com/euronaval_exhibitors/seafuture-2
SEAIR,,,,https://www.euronaval.com/euronaval_exhibitors/seair-2
SEAOWL FRANCE,,,,https://www.euronaval.com/euronaval_exhibitors/seaowl-france-2
SERCEL,,,,https://www.euronaval.com/euronaval_exhibitors/sercel-2
SERENISEAT,,,,https://www.euronaval.com/euronaval_exhibitors/sereniseat-2
SH DEFENCE,,,,https://www.euronaval.com/euronaval_exhibitors/sh-defence-2
SHEPHARD MEDIA,,,,https://www.euronaval.com/euronaval_exhibitors/shephard-media-2
SIEMENS ENERGY GLOBAL GMBH CO KG,,,,https://www.euronaval.com/euronaval_exhibitors/siemens-energy-global-gmbh-co-kg-2
SILLINGER SAS,,,,https://www.euronaval.com/euronaval_exhibitors/sillinger-sas-3
SILLINGER SAS,,,,https://www.euronaval.com/euronaval_exhibitors/sillinger-sas-4
SIR JOSEPH ISHERWOOD LIMITED,,,,https://www.euronaval.com/euronaval_exhibitors/sir-joseph-isherwood-limited-2
SITEP ITALIA,,,,https://www.euronaval.com/euronaval_exhibitors/sitep-italia-2
SKF MARINE GMBH,,,,https://www.euronaval.com/euronaval_exhibitors/skf-marine-gmbh-2
SMAC,,,,https://www.euronaval.com/euronaval_exhibitors/smac-2
SOCARENAM SAS,,,,https://www.euronaval.com/euronaval_exhibitors/socarenam-sas-5
SOCARENAM SAS,,,,https://www.euronaval.com/euronaval_exhibitors/socarenam-sas-6
SOCARENAM SAS,,,,https://www.euronaval.com/euronaval_exhibitors/socarenam-sas-7
SOCARENAM SAS,,,,https://www.euronaval.com/euronaval_exhibitors/socarenam-sas-8
SOCIETE DARMEMENT ET DETUDES ALSETEX,,,,https://www.euronaval.com/euronaval_exhibitors/societe-darmement-et-detudes-alsetex-2
SOCIETE ETIENNE LACROIX TOUS ARTIFICES,,,,https://www.euronaval.com/euronaval_exhibitors/societe-etienne-lacroix-tous-artifices-2
SOCITEC,,,,https://www.euronaval.com/euronaval_exhibitors/socitec-3
SOCITEC,,,,https://www.euronaval.com/euronaval_exhibitors/socitec-4
SOGITEC,,,,https://www.euronaval.com/euronaval_exhibitors/sogitec-2
SOGITEC INDUSTRIES,,,,https://www.euronaval.com/euronaval_exhibitors/sogitec-industries-2
SOMAG,,,,https://www.euronaval.com/euronaval_exhibitors/somag-2
SPHEREA TEST SERVICES,,,,https://www.euronaval.com/euronaval_exhibitors/spherea-test-services-2
SSMART SA,,,,https://www.euronaval.com/euronaval_exhibitors/ssmart-sa-2
STARNAV,,,,https://www.euronaval.com/euronaval_exhibitors/starnav-2
STELMA TSA,,,,https://www.euronaval.com/euronaval_exhibitors/stelma-tsa-2
STIDD SYSTEMS INC,,,,https://www.euronaval.com/euronaval_exhibitors/stidd-systems-inc-2
STORMER MARINE BV,,,,https://www.euronaval.com/euronaval_exhibitors/stormer-marine-bv-2
STREAMWIDE SA,,,,https://www.euronaval.com/euronaval_exhibitors/streamwide-sa-2
SUBSEA CRAFT,,,,https://www.euronaval.com/euronaval_exhibitors/subsea-craft-2
SUBSEA TECH,,,,https://www.euronaval.com/euronaval_exhibitors/subsea-tech-2
SYSTEMATIC,,,,https://www.euronaval.com/euronaval_exhibitors/systematic-2
T MARIOTTI,,,,https://www.euronaval.com/euronaval_exhibitors/t-mariotti-2
TAIS SHIPYARDS,,,,https://www.euronaval.com/euronaval_exhibitors/tais-shipyards-2
TEAM DEFENCE AUSTRALIA,,,,https://www.euronaval.com/euronaval_exhibitors/team-defence-australia-2
TECHNICATOME,,,,https://www.euronaval.com/euronaval_exhibitors/technicatome-2
TECHNOSHIP BV,,,,https://www.euronaval.com/euronaval_exhibitors/technoship-bv-2
TECKNISOLAR SENI,,,,https://www.euronaval.com/euronaval_exhibitors/tecknisolar-seni-2
TEKEVER HOLDINGS SA,,,,https://www.euronaval.com/euronaval_exhibitors/tekever-holdings-sa-2
TELEDYNE MARINE,,,,https://www.euronaval.com/euronaval_exhibitors/teledyne-marine-2
TERMA A S,,,,https://www.euronaval.com/euronaval_exhibitors/terma-a-s-2
THALES,,,,https://www.euronaval.com/euronaval_exhibitors/thales-2
THEMYS,,,,https://www.euronaval.com/euronaval_exhibitors/themys-2
THORDON BEARINGS INC,,,,https://www.euronaval.com/euronaval_exhibitors/thordon-bearings-inc-2
THYSSENKRUPP MARINE SYSTEMS GMBH,,,,https://www.euronaval.com/euronaval_exhibitors/thyssenkrupp-marine-systems-gmbh-2
TIXEO,,,,https://www.euronaval.com/euronaval_exhibitors/tixeo-2
TMI ORION,,,,https://www.euronaval.com/euronaval_exhibitors/tmi-orion-2
TNO DEFENCE SAFETY SECURITY,,,,https://www.euronaval.com/euronaval_exhibitors/tno-defence-safety-security-2
TYVA ENERGIES,,,,https://www.euronaval.com/euronaval_exhibitors/tyva-energies-2
UFAST,,,,https://www.euronaval.com/euronaval_exhibitors/ufast-2
UMOE MANDAL,,,,https://www.euronaval.com/euronaval_exhibitors/umoe-mandal-2
UMS SKELDAR,,,,https://www.euronaval.com/euronaval_exhibitors/ums-skeldar-2
UNSEENLABS SAS,,,,https://www.euronaval.com/euronaval_exhibitors/unseenlabs-sas-3
UNSEENLABS SAS,,,,https://www.euronaval.com/euronaval_exhibitors/unseenlabs-sas-4
VALPES,,,,https://www.euronaval.com/euronaval_exhibitors/valpes-2
VAN HALTEREN DEFENCE,,,,https://www.euronaval.com/euronaval_exhibitors/van-halteren-defence-2
VDM REYA,,,,https://www.euronaval.com/euronaval_exhibitors/vdm-reya-2
VENTURA ASSOCIATE,,,,https://www.euronaval.com/euronaval_exhibitors/ventura-associate-2
VESTDAVIT AS,,,,https://www.euronaval.com/euronaval_exhibitors/vestdavit-as-2
VOITH GMBH CO KGAA,,,,https://www.euronaval.com/euronaval_exhibitors/voith-gmbh-co-kgaa-2
VULKAN FRANCE SA,,,,https://www.euronaval.com/euronaval_exhibitors/vulkan-france-sa-4
VULKAN FRANCE SA,,,,https://www.euronaval.com/euronaval_exhibitors/vulkan-france-sa-5
VULKAN FRANCE SA,,,,https://www.euronaval.com/euronaval_exhibitors/vulkan-france-sa-6
WARTSILA CORPORATION,,,,https://www.euronaval.com/euronaval_exhibitors/wartsila-corporation-2
WATMARINE ENGINEERING SERVICES,,,,https://www.euronaval.com/euronaval_exhibitors/watmarine-engineering-services-2
WEST SEA,,,,https://www.euronaval.com/euronaval_exhibitors/west-sea-2
WESTLEY GROUP,,,,https://www.euronaval.com/euronaval_exhibitors/westley-group-2
WISELED APS,,,,https://www.euronaval.com/euronaval_exhibitors/wiseled-aps-2
WISTREAM,,,,https://www.euronaval.com/euronaval_exhibitors/wistream-2
XSUN,,,,https://www.euronaval.com/euronaval_exhibitors/xsun-2
Z NAUTIC GROUP,,,,https://www.euronaval.com/euronaval_exhibitors/z-nautic-group-2
ZODIAC MILPRO INTERNATIONAL,,,,https://www.euronaval.com/euronaval_exhibitors/zodiac-milpro-international-2
